,Zip Code,Venue ID,Venue Name,Venue Category,Venue Lat,Venue Long
973,19134,4d41f0e6aed776eb1bb86997,Domino's Pizza,Pizza Place,39.99243878961336,-75.10048019949461
974,19134,4e4e2911bd4101d0d7a3a581,Taco Bell,Fast Food Restaurant,39.99249267578125,-75.09800720214844
975,19134,4bd8c67fe914a5933d7c54fa,IHOP,American Restaurant,39.99217114039244,-75.10007589459403
976,19134,4c6a85f8c946e21e4ddaec8e,Dunkin',Donut Shop,39.99612264972522,-75.0928692519351
977,19134,4d8d2743d4ec8cfabcb75289,One Pound Cheese Steak,American Restaurant,39.98977539009226,-75.12537943434114
978,19134,4b6997aff964a520cda82be3,Boston Market,American Restaurant,39.99464517632344,-75.09525412566063
979,19134,4cb716b386e09eb0dcac62e2,Dunkin',Donut Shop,39.99591759615822,-75.11250809991316
980,19134,4c9fd24c8afca09377ac0d16,4 Sons Pizzeria,Pizza Place,39.995715000000004,-75.114395
981,19134,4ec9493f0aaf9c3cce79c5a6,Pizza Villagio Cafe,Pizza Place,39.98542641549984,-75.10709763855222
982,19135,4a6b776cf964a520b9ce1fe3,Joe's Steaks + Soda Shop,Sandwich Place,40.01839918227719,-75.0579683219458
983,19135,4c6814cae1da1b8d16229fc3,Primo Hoagies,Sandwich Place,40.03096570577236,-75.05482427316565
984,19135,4b6881d9f964a520c87c2be3,Montesini Pizza,Pizza Place,40.029629886345084,-75.05805537322485
985,19135,4c122cdc77cea5937081cc60,Haegele's Bakery,Bakery,40.02634399635262,-75.0571560432868
986,19135,4bb1280ff964a520217f3ce3,Philomena Santucci's Square Pizza,Pizza Place,40.03616546525635,-75.04050036374656
987,19135,4b36487bf964a520273225e3,Gino's Pizza Cafe,Pizza Place,40.03746,-75.03978
988,19135,4c2b4489d1a10f47659ff764,Little Pete's Steaks,Sandwich Place,40.02025727780189,-75.042350933734
989,19135,4c4322176c1a95212ffeb96a,Marinucci's Deli,Deli / Bodega,40.041513952989305,-75.05405253938112
990,19135,4acbd3f1f964a520e5c720e3,Sweet Lucy's Smokehouse,BBQ Joint,40.02849972696057,-75.0271025754256
991,19135,59985f2f4a7aae363a99b517,Factory Donuts,Donut Shop,40.03511934342539,-75.04454730177986
992,19135,54567ac2498ecfacfe494cc6,Oteris Italian Bakery,Bakery,40.03889465332031,-75.03556060791016
993,19135,4bdb30a42a3a0f47ded8adb6,Philly Pretzel Factory,Snack Place,40.0377718025392,-75.03821940075663
994,19135,4bbe06028a4fb71386b43d9d,Fink's Hoagies,Sandwich Place,40.028395222296965,-75.03918371744557
995,19135,4d45c1f614aa8cfa64c1753d,The Athenian,Diner,40.025851,-75.044021
996,19135,4c21894daa8e9c740941f4d4,Original Boston Style Pizza,Pizza Place,40.02912097794087,-75.05639718260763
997,19135,4ea5a2dcb8f7e4911ff61298,House Of Thai,Asian Restaurant,40.03735640147217,-75.04202493962205
998,19135,4ae629bff964a52040a521e3,Tony's Place,Pizza Place,40.02841683043446,-75.05910196510753
999,19135,4c2e99a709a99c74ef9b0a2a,Jack's Place,Deli / Bodega,40.028166999999996,-75.035804
1000,19135,4bddbaa5e75c0f47b65dc503,Boston Market,American Restaurant,40.03558705653434,-75.0711464881897
1001,19135,4cb716c186e09eb0feac62e2,Dunkin',Donut Shop,40.021551871703,-75.0511263438658
1002,19135,4c091eb86071a593ab4ddd32,Renzi's Pizzeria,Pizza Place,40.02981498905855,-75.06256986251223
1003,19135,4bb93d517421a5939aa6c240,Dunkin',Donut Shop,40.03119886847196,-75.05468864542104
1004,19135,4c7c475a48c6236a0e586111,Aya Asian Fusion,Sushi Restaurant,40.03711129088808,-75.04001244935688
1005,19135,4c505c451886c9b625e39328,Drougie's Pizza,Pizza Place,40.036854999999996,-75.041454
1006,19135,4e0b969062848063afc3f5c9,Emma's Cafe,Italian Restaurant,40.036819,-75.039974
1007,19135,4c4ddf5adb2c20a1d98a8b73,SUBWAY,Sandwich Place,40.02795794559676,-75.06218536601773
1008,19135,4f4477fa19836ed001945257,De Nofa's Homemade Sausage,Deli / Bodega,40.026721420410325,-75.04191168976554
1009,19135,4bccea91cc8cd13aaadbc1cf,Greenman's Deli,Deli / Bodega,40.030010295828326,-75.06499147393274
1010,19135,4bf423af98ac0f4720a363a8,Spanish Island,Latin American Restaurant,40.03486251466855,-75.06611164440096
1011,19135,4c7446a52db5236ad1e2b979,McDonald's,Fast Food Restaurant,40.02232965069261,-75.0507590174675
1012,19135,4a109ab2f964a520e7761fe3,Mayfair Diner,Diner,40.037437,-75.03815
1013,19135,563e48dbcd10c5b6aaacbed4,Tony Luke's,Restaurant,40.032157,-75.05248900000001
1014,19135,561abfd7498ec636c66e1cbe,Papa John's Pizza,Pizza Place,40.03483489271471,-75.0660679067459
1015,19135,5422180f498e5a33dace9d5a,Little Caesars Pizza,Pizza Place,40.034258790865145,-75.03883694826058
1016,19135,4b8c5cdcf964a520e3cc32e3,Red Robin Diner,Diner,40.02851663960232,-75.05848511450168
1017,19135,4f53bdfbe4b002a743b5b930,Pho Le Lai,Asian Restaurant,40.041499628331785,-75.05452332022725
1018,19135,53375103498e2879f79dc1cd,Pagano's Steaks & Shakes,Sandwich Place,40.02062880144116,-75.05411880063158
1019,19135,4cd8286c2a87a143525aab09,Non-Stop Pizza & Grille,Pizza Place,40.022232,-75.04726
1020,19135,4cfc254120fe3704ea3658f8,Quality Pizza,Pizza Place,40.019527000000004,-75.05611
1021,19135,4c1d1b1efcf8c9b63031ab0b,J&O Grocery Store,Deli / Bodega,40.022417,-75.058486
1022,19135,4cb476f139458cfa27fb20a0,Marino's Deli,American Restaurant,40.018062088002715,-75.05561895604677
1023,19136,4bb561d346d4a5932704c5c0,Al's Corner Deli and Catering Services,Deli / Bodega,40.0353105,-75.0255189
1024,19136,4c2e58803896e21e6417e290,Holmesburg Bakery,Bakery,40.041239004137104,-75.02851479652328
1025,19136,4be48c87bcef2d7f5fb602e5,Dunkin',Donut Shop,40.03875193882323,-75.03620684372112
1026,19136,4c543d3e4623be9a760974f2,Dunkin',Donut Shop,40.057264746273944,-75.02944345279599
1027,19136,4c434b4e5faf76b023e94820,Dunkin',Donut Shop,40.05097244968013,-75.01010598676834
1028,19136,4b6cb09bf964a520724c2ce3,Tuscany Ristorante,Italian Restaurant,40.05704824111185,-75.04773279189685
1029,19136,4ce1d7a0c4f6a35d8b9cdd6c,Number 1 China,Chinese Restaurant,40.048249528363236,-75.01272983120317
1030,19136,4d472fbd1ed56dcbf532ce54,China Express,Chinese Restaurant,40.049392,-75.012361
1031,19137,4befecaed4f70f47ad46390f,Dunkin',Donut Shop,40.0135603,-75.0679571
1032,19137,4e4e250dbd4101d0d7a3495f,KFC,Fried Chicken Joint,39.99406084999589,-75.09497403663886
1033,19137,4c0d4c39c700c9b6b132a2dd,Sonic Drive-In,Fast Food Restaurant,39.9983286275457,-75.0938192162174
1034,19137,4af756d7f964a520890822e3,McDonald's,Fast Food Restaurant,39.99460189859843,-75.09368143512347
1035,19137,4cffd2fcf7b38cfa6fa0cbc3,Hecker's,Deli / Bodega,39.98976405691189,-75.09397935368824
1036,19137,4bdb55093904a593c6dc499e,Bonks Crabs,Sushi Restaurant,39.988151412821836,-75.09271336854592
1037,19137,4c5e13b785a1e21e69775b11,3 Bros. Pizza & Pasta,Pizza Place,39.9877901383015,-75.09954940205402
1038,19137,4ccd9ca154f0b1f7f89b1dca,King Wok,Chinese Restaurant,40.01689529418945,-75.06038665771484
1039,19137,569d26b1498ef437ba1a5bb4,cafe acela,Food Truck,40.01385373852356,-75.05667419001264
1040,19137,4eecc78b4901dff306835a7e,Szypula's,Bakery,39.984639456633815,-75.09901468118252
1041,19137,4e03f1fa18381783e72fb9d2,Hermanos,Pizza Place,40.01739501953125,-75.05946350097656
1042,19137,4f4446fc19836ed001933a5b,Precision Time Recorder Co,Pizza Place,40.012405,-75.05378
1043,19137,4e4ceb55bd413c4cc66d3a7e,Marabello's,Pizza Place,40.01793,-75.058199
1044,19138,4cb716c086e09eb0fcac62e2,Dunkin',Donut Shop,40.058659387124365,-75.16546762585304
1045,19138,4d67e4d15b376dcbc9d67167,Royal's Restaurant,Caribbean Restaurant,40.071739214955784,-75.16117996165909
1046,19138,4d55d2cd9e508cfaa017059b,Talk of the town,Deli / Bodega,40.071920436696686,-75.16115263331842
1047,19138,4d5f00299f67f04db04167fb,Bally's II Pizza,Pizza Place,40.072639,-75.157638
1048,19138,5b3f8e2dd1a402002c040954,Chipotle Mexican Grill,Mexican Restaurant,40.07355,-75.154918
1049,19138,4dab32305da3ba8a479bedf7,Auntie Anne's,Snack Place,40.07439742256465,-75.1552705794892
1050,19138,4cfa5dd87f2db1f7c8fa26d4,John's Breakfast & Lunch,Diner,40.03768255789164,-75.17311924395543
1051,19138,568310da498e9ead097560aa,WOW Wings,Wings Joint,40.059159771229446,-75.16542266848812
1052,19138,5b731804f193c0002c5b694a,Panda Express,Chinese Restaurant,40.07490539550781,-75.15485382080078
1053,19138,4d986734647d8cfa83e6ed3d,June's Restaurant,Breakfast Spot,40.05964054255748,-75.16581310524451
1054,19138,505f35a1e4b062a5a081deaa,The Breakfast Boutique,Breakfast Spot,40.05867572583439,-75.14948136291895
1055,19138,4e4cf0c7bd413c4cc66d65c7,SUBWAY,Sandwich Place,40.0739395269724,-75.15482024705211
1056,19138,4c17a00d30d30f4745c736a9,The Nile,Vegetarian / Vegan Restaurant,40.039571837651785,-75.17788841360468
1057,19139,4bf2aa869319a593a530cb51,Brown Sugar Bakery & Cafe,Caribbean Restaurant,39.956472693718695,-75.22550884791522
1058,19139,4d9c86adc593a1cda5eb4a19,Top Taste,Caribbean Restaurant,39.96131526007094,-75.22467979530762
1059,19139,544b020f498ee0bc25842969,48th Street Grille,Caribbean Restaurant,39.95319717197854,-75.21837079920277
1060,19139,588e7a165289302f308933d2,Booker's Restaurant & Bar,Southern / Soul Food Restaurant,39.94793636516463,-75.22422012651285
1061,19139,4dde6d5988779c82bec3e9eb,GiGi's Soul Food,Southern / Soul Food Restaurant,39.969706678160954,-75.23890330121696
1062,19139,4bf86f80508c0f4798853e31,Cedar Park Cafe,Diner,39.94806175441571,-75.2219075585959
1063,19139,4c6d242b6af58cfa0b8b8817,52nd St Station Diner,Breakfast Spot,39.959695592791434,-75.22498104168608
1064,19139,4bb646c146d4a59374f9c5c0,Danny's Wok,Chinese Restaurant,39.94535314867848,-75.23894148039511
1065,19139,4b16ab3af964a520bdbb23e3,Leandro's Pizza House,Pizza Place,39.95999872249174,-75.25864860095555
1066,19139,4bf51aa6706e20a13405aa98,A&A Steaks,Fried Chicken Joint,39.97211729723788,-75.24510570119138
1067,19139,4c4effd2db2c20a1bc865375,Vincent's Pizza,Pizza Place,39.97491909622357,-75.24920782491786
1068,19139,4a58a552f964a520a1b71fe3,Satellite Cafe,Café,39.94783793467308,-75.22271117503848
1069,19139,4a660420f964a520dcc71fe3,Gold Standard Cafe,Breakfast Spot,39.948346652206915,-75.21951524999217
1070,19139,4ca3f2a4d5a2a1439d084e90,Bottom Of The Sea,Seafood Restaurant,39.953742999999996,-75.225974
1071,19139,4cd4b6b676ab721e9dfe686a,Hyons 56th & Spruce St,Seafood Restaurant,39.955639260977534,-75.2339562741029
1072,19139,4c3f60fcce54e21ee4f7071a,Philly Pretzel Factory,Snack Place,39.96224668082394,-75.25921030451403
1073,19139,51b9d97a498ec7b5644ba5ea,Philly Pretzel Factory,Snack Place,39.9601618964195,-75.25860185147694
1074,19139,53590588498e9d33d5bf8a26,Subway,Sandwich Place,39.945347,-75.238422
1075,19139,4cb716be86e09eb0f9ac62e2,Dunkin',Donut Shop,39.96952036219449,-75.24573189466315
1076,19139,4e5ebaeb62e1624313daec52,Little Caesars Pizza,Pizza Place,39.95714314001769,-75.22611886945822
1077,19139,4c2e155ae116e21ee0a48f60,Dunkin',Donut Shop,39.95792007334858,-75.25839410291894
1078,19139,4d41f0e2aed776eb67b66997,Domino's Pizza,Pizza Place,39.95669273907473,-75.25746211409574
1079,19139,4f4fc46ee4b0390eba8b5013,SUBWAY,Sandwich Place,39.9584768369186,-75.25825584275704
1080,19139,563691aa498ededd47c5a938,Dunkin',Donut Shop,39.9461249771438,-75.24312333661852
1081,19139,4d2636df8fd5a143023adc1a,Train Station Pizza,Pizza Place,39.960743,-75.23277900000001
1082,19139,4ff4c1cfe4b0734a79a330ad,Pete's Pizza,Pizza Place,39.958773,-75.241209
1083,19139,4e740908d22d80eb329405dd,Hong Kong Chinese,Chinese Restaurant,39.963747999999995,-75.241228
1084,19139,4df3891052b100c2d7fae1b6,M&G Deli,Deli / Bodega,39.96025534723131,-75.24107372129035
1085,19139,4bd46d9fcfa7b713170124da,Popeyes Louisiana Kitchen,Fried Chicken Joint,39.98018428690847,-75.23500309701235
1086,19139,4b7c2a80f964a5209a812fe3,McDonald's,Fast Food Restaurant,39.95737326966476,-75.25764986872673
1087,19139,4ca7430014c337040b96c73b,Ace's Diner,Breakfast Spot,39.980307622487324,-75.23362594334614
1088,19139,4f04f55061af9d3db85ba580,Rodriguez Grocery,Deli / Bodega,39.96959461814268,-75.2340018544075
1089,19139,4e1b37692271644b9af9ac5a,Perez Corner Store,Deli / Bodega,39.972861,-75.239879
1090,19139,4dc349c645dd2645523ac7c8,Happy Star,Chinese Restaurant,39.971635,-75.226158
1091,19139,5e2cc6b64d798400081f4704,Vegan-ish,Vegetarian / Vegan Restaurant,39.97183975729959,-75.22620393180394
1092,19139,4def9dfec65bf3f03e9a927a,LR Food Market,Deli / Bodega,39.971618,-75.225592
1093,19139,4d8a1f1726a36ea8d7daedad,Moo Jin Jang,Korean Restaurant,39.96283130420638,-75.25188507470128
1094,19139,4ef4d930b8f77e0f98572bfa,Lopez Grocery,Deli / Bodega,39.9510234512975,-75.24312311013543
1095,19139,50fb0ed9e4b0d36ca4f28577,Inez too,American Restaurant,39.952333,-75.247304
1096,19139,56c5fdabcd109f203c0190ac,El Sazon de Doña Eva,South American Restaurant,39.962402,-75.254102
1097,19139,4f0e333de4b0d2af72b15d1c,imperial dragon,Chinese Restaurant,39.975746154785156,-75.24337005615234
1098,19139,4c84ff7f77be76b0ca5fb376,8 Brothers Food Market (Jose Ramos Deli),Deli / Bodega,39.9478874206543,-75.23221588134766
1099,19140,4c4cc56b50710f476bb09d32,Dwights Southern Bar-B-Que II,Restaurant,40.01052811133274,-75.15099247485001
1100,19140,53d1a7c8498e774548918681,Paprika Restaurant,Halal Restaurant,40.017806,-75.15479
1101,19140,4e4e668dbd4101d0d7a956ae,"Bizini's Famous Seafood, Steaks and Hoagies",Seafood Restaurant,40.031273999999996,-75.152725
1102,19140,524852bc11d27a6e6826771a,Vernie's Soul Food,Southern / Soul Food Restaurant,40.027393,-75.153802
1103,19140,5482018d498e1221990c1ede,Sister Muhammad's Kitchen,American Restaurant,40.022363,-75.158486
1104,19140,534eea5b498e3b48057ecf95,Little Caesars Pizza,Pizza Place,40.019515076296535,-75.14931354619581
1105,19140,4b6f46b6f964a520b6e82ce3,Domino's Pizza,Pizza Place,40.01769483089447,-75.14896273612976
1106,19140,4c77d468947ca1cd1e874837,Popeyes Louisiana Kitchen,Fried Chicken Joint,40.01781823084835,-75.14873796139969
1107,19140,4d9dedfe5c33a35d2aff0ca1,KFC,Fried Chicken Joint,40.01226070276942,-75.13550034292751
1108,19140,4e245960aeb70263954b867d,KFC,Fried Chicken Joint,40.01426053674103,-75.15783866811546
1109,19140,58e2c6cee9dad147e99e3b39,Taco Bell,Taco Place,40.020775,-75.148705
1110,19140,4c025b21310fc9b6e651c461,Dunkin',Donut Shop,40.0094796,-75.1507752
1111,19140,4cb716a786e09eb0c0ac62e2,Dunkin',Donut Shop,40.0124637,-75.1355537
1112,19140,4c42e939af052d7fab9e7f79,Burger King,Fast Food Restaurant,40.00707890788704,-75.12807101011282
1113,19140,4cb23ce9eb65b1f74b127bcd,The Crab Shack,Seafood Restaurant,40.02690285713435,-75.1507804120515
1114,19140,4d220a6d5acaa35d960ad535,Taco Bell,Fast Food Restaurant,40.0142936706543,-75.15795135498047
1115,19140,4af75a30f964a520ab0822e3,Taco Bell,Fast Food Restaurant,40.012276,-75.13573067
1116,19140,4cb529d8b315a09356e39276,Taco Bell,Fast Food Restaurant,39.999708159694784,-75.1537597344543
1117,19140,58b76437c30f797a72bb82ea,Khan's Gyro,Greek Restaurant,40.016277,-75.14952
1118,19140,4d220ee3b69c6dcb3de07e95,Martinez Grocery,Deli / Bodega,40.007840759867186,-75.15809602982526
1119,19140,4ae1cdaaf964a5208a8721e3,Mediterranean Lunch Truck,Mediterranean Restaurant,40.004239645523256,-75.1521666797237
1120,19140,4e1f581c18a813a4dac9335c,New Station,Pizza Place,40.01025820197401,-75.16609527109597
1121,19141,4cb716bb86e09eb0f1ac62e2,Dunkin',Donut Shop,40.02467341806476,-75.14756280566081
1122,19141,4c14384fa1010f47e4264c18,Papa John's Pizza,Pizza Place,40.044929135709104,-75.14390345039726
1123,19141,4c6f8434d274b60cf5f8d60d,Checkers,Fast Food Restaurant,40.04423232477033,-75.14315423341037
1124,19141,4c9d2fbbd3c2b60c5dd9bebc,Kims Seafood,Seafood Restaurant,40.029581,-75.14643199999999
1125,19141,4c5b49ca857ca5936d1dc7cb,McDonald's,Fast Food Restaurant,40.03889007293814,-75.14459184336953
1126,19141,4ce41d07bddcb1f77d4c8089,Olney Chinese Food Express,Chinese Restaurant,40.038490295410156,-75.1443099975586
1127,19141,4e6bf85b18381712d9ab6b67,Lucky Star Chinese & American Food,Chinese Restaurant,40.038898,-75.144516
1128,19141,4db833ac43a1a75c1f6d6936,Henrys Truck,Food Truck,40.037846556055584,-75.14256957051731
1129,19141,4dfede6ed4c00c69c14acc20,United Chicken,Fried Chicken Joint,40.039039611816406,-75.14390563964844
1130,19141,4c7ffc73e602b1f7ed97857a,Sorrento,Pizza Place,40.03895062369653,-75.14957577441416
1131,19141,4e4c7237bd413c4cc6697317,Prince Pizza,Pizza Place,40.04083251953125,-75.14380645751953
1132,19141,4c937c8158d4b60c33881f29,Breakfast Time,American Restaurant,40.041036321680956,-75.14463486531298
1133,19141,4c7fad722042b1f76684c3ad,Treetops,Food Court,40.03374165452564,-75.15414993676586
1134,19142,4c582f9c6201e21e44910a70,Oteri's Italian Bakery,Bakery,39.927135,-75.232516
1135,19142,5b704a14396de0002ca77ecb,Rhythm & Brunch Cafe,Breakfast Spot,39.921927,-75.230865
1136,19142,4f32519f19836c91c7cbfe33,Le-Mandinque African Restaurant,African Restaurant,39.924033,-75.236141
1137,19142,4e0909b3b0fbba5eee253e61,Kim's Food Market,Food,39.935744,-75.223065
1138,19142,4be051684f15c928b6c0ca0b,Popeyes Louisiana Kitchen,Fried Chicken Joint,39.90229062176822,-75.24199952462006
1139,19142,4ca35d4cf832a1cd56e19ce5,Doc's Deli,Deli / Bodega,39.94222867806939,-75.26558006500171
1140,19142,4cb716bc86e09eb0f3ac62e2,Dunkin',Donut Shop,39.928902810077275,-75.22930511720577
1141,19142,4c144e4d77cea5935d82d060,Popeyes Louisiana Kitchen,Fried Chicken Joint,39.93827609346781,-75.21562082742845
1142,19142,4c8c25188018a1cdef24ead2,Little Delicious,Caribbean Restaurant,39.941568897958184,-75.21209303624148
1143,19142,5a70dbf260d11b2a4c1be34e,Saladworks,Salad Place,39.902638,-75.240401
1144,19142,5c1d9d9e033693002c29fad6,Wingstop,Wings Joint,39.902523,-75.24221
1145,19142,4cdc827399026dcbc5b71381,Falone's Steaks & Hoagies,Sandwich Place,39.91361251965537,-75.24281933380713
1146,19142,4f821e33e4b0ac16a3584c4a,Joe's Crab House,Seafood Restaurant,39.94074746582047,-75.25963293794075
1147,19142,4f3271b219836c91c7d86956,Little Caesars Pizza,Pizza Place,39.91293746589665,-75.24278101599528
1148,19142,4e403e411495bf24a5fe6713,Cameron's Seafood,Seafood Restaurant,39.928067782822524,-75.2304700021853
1149,19142,4c49ef86a3ace21ecb80473c,SUBWAY,Sandwich Place,39.90229401389584,-75.24195487295447
1150,19142,4b5472a6f964a520a0bb27e3,Empire Diner,Diner,39.93939868665677,-75.2650354732056
1151,19142,4c7e69cf8da18cfa0a25a2ce,Four Worlds Bakery,Bakery,39.943516600806646,-75.21075221885218
1152,19142,4c0b02b9009a0f471983eabf,Dunkin',Donut Shop,39.914675905592944,-75.22061810208089
1153,19142,4c1cea3863750f474346b767,Samiches,Sandwich Place,39.936282,-75.219499
1154,19142,4c145a357f7f2d7fe4dae068,Keya Graves,Southern / Soul Food Restaurant,39.91866342569297,-75.26216957572757
1155,19142,4bcefbee29d4b7133254a9dc,McDonald's,Fast Food Restaurant,39.90315839531166,-75.23920834064484
1156,19142,4e5a914918388cd5cbb27dae,Woodland Village,Pizza Place,39.92730937412112,-75.23185662338902
1157,19142,4c157d9da5eb76b06c7dc3b7,Burger King,Fast Food Restaurant,39.903283908945646,-75.24064600467682
1158,19142,4cb716b486e09eb0e0ac62e2,Dunkin',Donut Shop,39.92359434193278,-75.24526929141905
1159,19142,4bfec0fa4e5d0f478f1a7d1f,Wendy’s,Fast Food Restaurant,39.90262400000001,-75.24041961226845
1160,19142,4c56eb1b12f0d13a40df05ad,Church's Chicken,Fried Chicken Joint,39.931276792531506,-75.22603649948663
1161,19142,4e2f486bd4c058fdbef27ee5,Pizza Paradise,Pizza Place,39.940374,-75.260773
1162,19142,4d840fe75ad3a0936e95c8fd,Mr Wings,Wings Joint,39.941227000000005,-75.257324
1163,19142,4e564600b0fbb294aaa5b3c0,Daylight Donuts,Donut Shop,39.91917731272152,-75.24017215990914
1164,19142,4ca3a21df832a1cd223e9fe5,Nick's Pizza,Pizza Place,39.91837368208301,-75.23535216381757
1165,19142,4c782f9f93ef236ab568ab0f,Gourmet Seafood,Seafood Restaurant,39.917219281196594,-75.23667097091675
1166,19142,4e1c3a8762e11cdc74400d20,Donut World,Donut Shop,39.928435,-75.230671
1167,19142,4e0e44128877936cb4040676,Four Seasons Market,Deli / Bodega,39.928192974814706,-75.22934120269575
1168,19142,4de7c131b0fb2165e1adb3ad,Jo Jo's Italian Deli,Deli / Bodega,39.92592442723613,-75.22686268187047
1169,19142,4ca10a448afca0936dea1716,Pete's Pizza,Pizza Place,39.929577,-75.229029
1170,19142,4eaadb064901584489aee3ec,69th Street & Marshall,Food Court,39.92726516723633,-75.2489013671875
1171,19142,4d965116647d8cfabed7b63d,Little Caesars Pizza,Pizza Place,39.93645604517546,-75.254277479787
1172,19142,4debf08852b11677f062c814,Popeyes Louisiana Kitchen,Fried Chicken Joint,39.92018520073166,-75.26436688343237
1173,19142,57e2c3d338fade9d600e5cc5,McDonald's,Fast Food Restaurant,39.940010730336674,-75.26455888864803
1174,19142,4c2546ab136d20a10f58e361,Taco Bell,Fast Food Restaurant,39.900597,-75.241509
1175,19142,4e03881318389833c5971f60,Foo Chow Chinese Food,Chinese Restaurant,39.93221466133648,-75.22473739003861
1176,19142,4c30da6c452620a161be1f0f,Southern Inn,Breakfast Spot,39.932722999999996,-75.22458
1177,19142,4fdbd4d4e4b06c9270186a24,Cafe LeMont's,Café,39.933711509942405,-75.25060357746312
1178,19143,4a8c957df964a520990e20e3,Vietnam Cafe,Vietnamese Restaurant,39.94808268068866,-75.21707201589001
1179,19143,4e320ba962e12985fd5e5315,Aksum,Middle Eastern Restaurant,39.94882,-75.216401
1180,19143,436fea80f964a520f4291fe3,Fu Wah,Deli / Bodega,39.948522748088244,-75.2168567564474
1181,19143,4a7b895bf964a52053eb1fe3,Vientiane Café,Asian Restaurant,39.948471433551205,-75.21794011499348
1182,19143,5606be9b498ede7365190610,Renata's Kitchen,Mediterranean Restaurant,39.9490163908953,-75.21448299779178
1183,19143,56ebf637498e3b34b9023979,Dottie's Donuts,Donut Shop,39.948304580691456,-75.21329946689065
1184,19143,4a9fcc68f964a520553d20e3,Lee's Deli,Diner,39.94860433774345,-75.21695332445763
1185,19143,4d325c408c42a1cda82be85d,Manakeesh Cafe Bakery,Bakery,39.95497719999999,-75.2115092
1186,19143,4ae8c4f3f964a52021b221e3,Saad's Halal Restaurant,Middle Eastern Restaurant,39.955155456819405,-75.21169805858464
1187,19143,4a91dadcf964a5201e1c20e3,Tampopo,Asian Restaurant,39.952969630331076,-75.21052705433189
1188,19143,4b452765f964a5207b0626e3,Fiesta Pizza,Pizza Place,39.94898157373532,-75.2133849870974
1189,19143,56621ebd498eac2dc384f980,Clarkville,Pizza Place,39.94962769645379,-75.2093069183591
1190,19143,4aa0876cf964a520fd3f20e3,Dahlak,Ethiopian Restaurant,39.948476050383285,-75.21731411136051
1191,19143,4b189427f964a52044d423e3,China Inn,Chinese Restaurant,39.95402028740108,-75.21134400669158
1192,19143,4a93d491f964a520e11f20e3,Abyssinia,Ethiopian Restaurant,39.95413034678355,-75.21174073722528
1193,19143,4b7ca9c8f964a52001a02fe3,Desi Village Indian Restaurant,Indian Restaurant,39.94898084787329,-75.2142046088546
1194,19143,532482e3498eb3cd968f04e1,Coffee Market,Café,39.951406,-75.212353
1195,19143,4f3223d919836c91c7ba0f3e,Day's Beverages,Food,39.941326000000004,-75.24939300000001
1196,19143,4f3273f319836c91c7d944da,Neighborhood Grocery and Deli,Deli / Bodega,39.929078373900204,-75.24106067723858
1197,19143,4dce9639b0fb25f6e346daa5,House Of Cheese,Breakfast Spot,39.92522048950195,-75.23445892333984
1198,19143,5244c66911d2d3a481f10f79,Coconut Breeze Cuisine,Caribbean Restaurant,39.933885,-75.250634
1199,19143,4e429f8ab61ca5ba3b280f5d,Majors Deli,Deli / Bodega,39.937626,-75.25439
1200,19143,4f32906a19836c91c7e418fe,Fisher Enterprises,Food,39.948118,-75.25341800000001
1201,19143,55c25449498ec7d383418d8d,Crab Plus,Seafood Restaurant,39.937744,-75.255284
1202,19143,5ad2b75e646e385351fb9f1e,Lucky 2 U,Chinese Restaurant,39.92369,-75.222028
1203,19143,4dd13a90814d79ce11cb6b8b,Happy Wok,Chinese Restaurant,39.92220687866211,-75.23075103759766
1204,19143,4cbc97c943ec6dcb16f5b131,Chillin Pizza,Pizza Place,39.921602,-75.231573
1205,19143,4da349d69aa4721e1bbc201a,Crab Daddys,Seafood Restaurant,39.92426913346881,-75.24524563389858
1206,19144,563116c1498eb634dc2bfe0b,Happy Bread Cafe,Breakfast Spot,40.03589709555231,-75.17464505311455
1207,19144,4cb716a986e09eb0c6ac62e2,Dunkin',Donut Shop,40.035841652122734,-75.17480603098558
1208,19144,4bf45f08370e76b0c78abd4a,Crab House,Seafood Restaurant,40.03602089912754,-75.1750203953076
1209,19144,4d3348dbf8c9224bebf9b8d2,Wendy’s,Fast Food Restaurant,40.0310442976641,-75.1782256364823
1210,19144,4c9569fb6b35a1436a3325dc,Rib Crib,BBQ Joint,40.044581,-75.18136
1211,19144,4d5ddd9414963704f39bc294,Giovanni's Pizza,Pizza Place,40.03355632834349,-75.17552650909698
1212,19144,4dcecb11fa7664b7c6b133ec,Tavarez (Buenos Dias),Deli / Bodega,40.04044269423587,-75.16987593849933
1213,19144,521e512811d2f7e473504fec,Wendy’s,Fast Food Restaurant,40.010748107487466,-75.17535835504532
1214,19144,4d30899082fd5481973fb4a8,The Point of Destination Cafe,Café,40.042900664938735,-75.18731895537313
1215,19144,4c5deb257f661b8d8dd84c1c,Shell House Seafood,Seafood Restaurant,40.031351,-75.154411
1216,19145,4f57acaf7bebe47c59e7f322,Miss Rachel's Pantry,Vegetarian / Vegan Restaurant,39.92654,-75.17376800000001
1217,19145,4b031cf3f964a520be4c22e3,Primo Hoagies,Sandwich Place,39.9209271,-75.1733058
1218,19145,4517f2d6f964a520493a1fe3,South Philadelphia Tap Room,Gastropub,39.92718171615658,-75.17136020092046
1219,19145,4b5275e7f964a5204f7e27e3,Le Virtù,Italian Restaurant,39.926044241224766,-75.16788506398544
1220,19145,4ad25b84f964a5201fe120e3,Ristorante Pesto,Italian Restaurant,39.92633847119804,-75.16918073650385
1221,19145,4afc7c16f964a5202f2322e3,Philly Pretzel Factory,Bakery,39.92552322603068,-75.16982431823449
1222,19145,4b8171edf964a52078a630e3,Hardena Waroeng Surabaya Restaurant,Indonesian Restaurant,39.92837866859552,-75.17120537475252
1223,19145,4bf806f85ec320a1c4f087d3,China House No.5,Chinese Restaurant,39.91890559313061,-75.18374429932656
1224,19145,4baa988bf964a52009783ae3,Bomb Bombs Italian Restaurant,Italian Restaurant,39.92106152375014,-75.16438418650844
1225,19145,4bfc441ae297ef3bb13ca4d7,Central Bark Philadelphia,Food Court,39.93661280324634,-75.18628447104861
1226,19145,4acfdde9f964a52088d620e3,Nick's Charcoal Pit,BBQ Joint,39.92407075591426,-75.16749643088882
1227,19145,4dd2e972b0fb0dcdadea4979,New York Bakery,Bakery,39.921595,-75.164705
1228,19145,4d41f0e4aed776eb34b76997,Domino's Pizza,Pizza Place,39.91784810166366,-75.18696963787079
1229,19145,4bf2c49e9319a5935e52cb51,Cacia's Bakery,Bakery,39.92102716499909,-75.17318262339886
1230,19146,54f3b8c7498ea7bb9677cfcf,Thai Square Restaurant,Thai Restaurant,39.94244084038066,-75.18529755314084
1231,19146,55ad3fe6498ed7538397e05f,Tasty Toast,Breakfast Spot,39.93480293840295,-75.1794019478356
1232,19146,53504f9a498e0b1a4eeab832,Cafe Ynez,Mexican Restaurant,39.9393095289876,-75.17745584495934
1233,19146,4a55ef99f964a5204db41fe3,Ants Pants Cafe,Breakfast Spot,39.945177119498624,-75.17910458823877
1234,19146,4b099122f964a520931923e3,Cafe Lutecia,Café,39.946495276471666,-75.1795368098496
1235,19146,544597c9498e68b51757f31d,Devil's Pocket Food & Spirits,American Restaurant,39.94304455983983,-75.18332987492205
1236,19146,54e93e85498e6e0633fc15b8,Los Camaradas,Mexican Restaurant,39.94073633954831,-75.17965453761684
1237,19146,4a302adbf964a5202c991fe3,Pub & Kitchen,Gastropub,39.94564,-75.17475
1238,19146,51225b78e4b0ed97fa81c249,Honey's Sit 'n Eat,Breakfast Spot,39.945208817273496,-75.17713962497513
1239,19146,5cfc69c80868a2002c6f877c,Ambrosia Ristorante BYOB,Italian Restaurant,39.94998,-75.17965
1240,19146,5277d983498eb891e4636c44,Cheese E. Wagon,Food Truck,39.94478189002065,-75.18733207050718
1241,19146,4d0bbf90d823b1f73542eb5c,Tyson Bees,Food Truck,39.95029989502615,-75.19122460159961
1242,19146,59f0b9013abcaf133cbd41c6,Trattoria Carina,Italian Restaurant,39.94889,-75.17794
1243,19146,59493871b6b04b6c8b21b193,Walnut Street Cafe,Café,39.95191587439259,-75.18368073495989
1244,19146,57deb98ccd10fe734c1604ec,On Point Bistro,Breakfast Spot,39.937238009157696,-75.17685692206416
1245,19146,4ea1e05ccc2102b34cc393f1,Jimmy John's,Sandwich Place,39.94807710887599,-75.19339122129777
1246,19146,4bf95abdb182c9b622c1785a,19° Café,Deli / Bodega,39.941046177735984,-75.17474716868581
1247,19146,4fecd31be4b0a6dbbe981093,Night Market Washington Avenue,Food Truck,39.93612624741607,-75.17793374518357
1248,19146,4e831e52e5e8ccbed8649835,Chewy's Food Truck,Food Truck,39.95055307310308,-75.1821228803963
1249,19146,57c20260498e34ec26b14471,Lou Bird's,Gastropub,39.94580311945748,-75.1748814661753
1250,19146,5ade1861b9ac38157e1219e8,Just Salad,Salad Place,39.951081,-75.198471
1251,19146,4bd706245631c9b685c4a630,Mexi-Philly,Mexican Restaurant,39.9511675689615,-75.19762862622315
1252,19146,4da70bb8fa8ca99428545c6d,Beka's Chemistry Café,Café,39.95081612581918,-75.19221883160607
1253,19146,543bdf00498e0d5e65552fbc,United by Blue,Café,39.953003393460364,-75.19331453532429
1254,19146,58d96606dad26326770783d5,Chick's,Gastropub,39.93883451169541,-75.17382844662443
1255,19146,58c1d949d772f94d5dbf0ec9,Philly Pretzel Factory,Snack Place,39.951028,-75.198781
1256,19146,4e64f6762271573ad8b00134,Famous New York Gyro,Food Truck,39.952946645493206,-75.19032984094413
1257,19146,4bad4359f964a520833f3be3,Christian Food Market,Deli / Bodega,39.94201558618875,-75.18130062856466
1258,19146,5aa6ad3803369302b434e8aa,Franklin’s Table Food Hall,Food Court,39.952973801127975,-75.19260752036526
1259,19146,5aac7b4fe96d0c3fbeffdf5f,Tipsy Bistro,American Restaurant,39.952309,-75.187352
1260,19146,4ada098df964a5209b1d21e3,Old Towne & Sanna's,Pizza Place,39.94449567305817,-75.18057224845825
1261,19146,4b2a4aeaf964a520f9a624e3,Moe's Hot Dog House,Hot Dog Joint,39.94051774781296,-75.1871610547475
1262,19146,4b83c3bcf964a520910f31e3,Dunkin',Donut Shop,39.938516987157655,-75.19815403364379
1263,19146,4b97d118f964a520821735e3,Saladworks,Salad Place,39.95122445716496,-75.1984531173
1264,19146,5011a7e5e4b05d9dc7359517,Au Bon Pain,Bakery,39.95009972450035,-75.19353841752654
1265,19146,4d5dbbbf11828cfaa93fff2a,22nd Street Cafe,Café,39.935949090324335,-75.18083071222867
1266,19146,4e46fc83c65bd6ffbe9a0525,Little Caesars Pizza,Pizza Place,39.939856505816486,-75.19219001988007
1267,19146,4b96a4a7f964a520f5da34e3,Kitchen Gia,American Restaurant,39.94812577103885,-75.19320057007454
1268,19146,4abe310bf964a520e58b20e3,Hemo's,Food Truck,39.95114056876182,-75.19666714373018
1269,19146,4bb14869f964a52065893ce3,Healthy Bites,Deli / Bodega,39.942613,-75.185066
1270,19146,49de89b4f964a52070601fe3,Bacchus,Café,39.94868807078278,-75.17902098322362
1271,19146,4ae26129f964a520d48d21e3,Southside Pizza,Pizza Place,39.940476562102454,-75.17600717873594
1272,19146,4da850cf6a2364c7a3511a2a,Point Breakfast,Breakfast Spot,39.93366927291451,-75.18041558173407
1273,19146,5ded2cfab431b1000879969d,Porcos Porchetteria,Sandwich Place,39.93933144207521,-75.18009571179216
1274,19146,4b7ef1e5f964a520540b30e3,The Real Le Anh,Food Truck,39.95091749620879,-75.19585789814685
1275,19147,4a5eb9f9f964a5201bbf1fe3,Ba Le Bakery,Vietnamese Restaurant,39.93513415417073,-75.15434171861877
1276,19147,4b3799e5f964a520d74225e3,Talluto's,Italian Restaurant,39.937667309096966,-75.15814652496533
1277,19147,4aef3831f964a520a8d621e3,Anastasi Seafood,Seafood Restaurant,39.93618990561975,-75.15833571675664
1278,19147,53c5c31f498ef2afbdd3251b,Blue Corn Restaurant,Mexican Restaurant,39.93768822243419,-75.15812067142396
1279,19147,4b06495df964a5205cea22e3,Center City Pretzel Co,Snack Place,39.93607096362576,-75.1574257308099
1280,19147,4a46936cf964a52021a91fe3,Taqueria La Veracruzana,Mexican Restaurant,39.93640926343682,-75.15892363391892
1281,19147,4a2b0461f964a52089961fe3,Sabrina's Cafe,Breakfast Spot,39.93900275698992,-75.15824537760582
1282,19147,4b43d835f964a520c8eb25e3,Lorenzo's Pizza,Pizza Place,39.93893832995479,-75.15797260003777
1283,19147,4fc1207ee4b089f18be88500,Prima Pizza Taquiera Mexicana,Mexican Restaurant,39.936129721738844,-75.15862749499853
1284,19147,4dc9db7d091a7485b1fdd949,Tamalex,Latin American Restaurant,39.93386307963271,-75.15573832413098
1285,19147,4a09fe4ff964a5207b741fe3,Villa Di Roma,Italian Restaurant,39.93785836062273,-75.15808049085219
1286,19147,5470e11d498ed714fba26778,Square Pie,Pizza Place,39.938644352567,-75.15287709383769
1287,19147,4a23e023f964a520e57d1fe3,Rim Cafe,Café,39.934280260582156,-75.15892816678588
1288,19147,5ac401b6029a5521b5bd0251,South Philly Barbacoa,Mexican Restaurant,39.93498719736894,-75.15869668927145
1289,19147,4aad570ef964a520c95f20e3,Pho Ha,Vietnamese Restaurant,39.93452898735517,-75.15406084783416
1290,19147,501978dde4b0caed4b89225d,Tacos El Rodeo,Food Truck,39.93706678045627,-75.15999044188804
1291,19147,5cb10021fdb9a7002ca8784f,Kalaya Thai Kitchen,Thai Restaurant,39.939976,-75.157842
1292,19147,4bdc8c6a3904a5935eb24e9e,Superior Pasta Company,Italian Restaurant,39.93900499724586,-75.1580874226016
1293,19147,4e343997d164be7ec5a2a692,Santucci's Original Square Pizza,Pizza Place,39.93903,-75.15922
1294,19147,4d35f45acc455941e9dd89ef,Little Fish,Seafood Restaurant,39.940028,-75.152811
1295,19147,49ef1e88f964a5207f681fe3,Nam Phuong,Vietnamese Restaurant,39.93651337954465,-75.1619692866496
1296,19147,49db9411f964a520da5e1fe3,Gleaner's Cafe,Sandwich Place,39.938426557626016,-75.15799568149006
1297,19147,4cd4a95e67adf04dfcb72891,Tres Jalapeños,Mexican Restaurant,39.938520473981214,-75.15627536601046
1298,19147,4a9599d8f964a520d62320e3,Isgro Pastries,Bakery,39.93920732571138,-75.15977360359992
1299,19147,5c3e7d82947c050038d9b6d0,Angelo’s Pizzeria,Pizza Place,39.94065338675217,-75.1577127724886
1300,19147,4ab92820f964a5203f7e20e3,Cafe Diem,Vietnamese Restaurant,39.93613817570889,-75.15693366921008
1301,19147,4a7216a2f964a52054da1fe3,Bitar's,Mediterranean Restaurant,39.93464892073186,-75.16039205685793
1302,19147,3fd66200f964a52000ee1ee3,Pat's King of Steaks,Sandwich Place,39.93331959087893,-75.15918422881435
1303,19147,4ab7a8c5f964a520587a20e3,SliCE,Pizza Place,39.93457902413716,-75.16043994163513
1304,19147,4bdf1cca0ee3a5934ffc32b0,Riccis Hoagies,Sandwich Place,39.935359615214104,-75.16183427551566
1305,19147,5d94d55bdc5d220008f08eca,Paris Baguette,Bakery,39.934654235839844,-75.15465545654297
1306,19147,41439180f964a5209a1c1fe3,Sam’s Morning Glory Diner,Diner,39.94091912639974,-75.15892842486653
1307,19147,4bdc9673afe8c9b6a8205085,Dante & Luigi's,Italian Restaurant,39.940038305127565,-75.15930962658975
1308,19147,4ae4dc92f964a520e79e21e3,Pho 75,Vietnamese Restaurant,39.9372143987388,-75.16278704877544
1309,19147,4aff6f53f964a520873822e3,Saloon Restaurant,Italian Restaurant,39.93999553603746,-75.15444698523777
1310,19147,4f31e220e4b0f57360088584,Nomad Pizza,Pizza Place,39.941808,-75.153899
1311,19147,54b29833498e09d5327fc54c,Hawthornes Beer Cafe,Gastropub,39.94103160468749,-75.16070521498479
1312,19147,5275501b11d23f6cc01041fa,The Good King Tavern,Restaurant,39.94184315086448,-75.15405594003093
1313,19147,4a7cc371f964a52087ed1fe3,Cosmi's Deli,Sandwich Place,39.93029039120071,-75.158008125089
1314,19147,56d38ee1cd107b5ff8174178,Sky Cafe,Indonesian Restaurant,39.93692241935612,-75.16287249503968
1315,19147,5d99110e746ac10007683480,Emmy Squared - Queen Village,Pizza Place,39.941043940567276,-75.15112282791853
1316,19147,49ffbe66f964a52049701fe3,Famous 4th Street Delicatessen,Deli / Bodega,39.94049068222692,-75.1494576963085
1317,19147,4a789c9ff964a52006e61fe3,Termini Bros,Bakery,39.92985431112254,-75.15818597553337
1318,19147,5697ddf8498e99aef3814692,Woodrow's Sandwich Shop,American Restaurant,39.94213720121277,-75.15316393521601
1319,19147,571424d9498eea629c9234ae,kawaii kitty cafe,Café,39.93870548779161,-75.14981925616117
1320,19147,4a4ff6e9f964a520dcaf1fe3,Brauhaus Schmitz,German Restaurant,39.94217699094252,-75.15466697508847
1321,19147,4a6c8217f964a520a9d01fe3,Creperie Beau Monde & L'Etage,French Restaurant,39.94122649737156,-75.15250225207964
1322,19147,4a81f521f964a5201ff81fe3,El Jarocho,Mexican Restaurant,39.93648228480978,-75.16484109459253
1323,19147,548b9ec3498ea6aa0e7df8ee,Mole Poblano,Mexican Restaurant,39.93509164145115,-75.15868060155333
1324,19147,4c8ba81a52a98cfa2aed37e9,Tortilleria San Roman,Taco Place,39.93755595376756,-75.15817616421546
1325,19148,4a79b2a7f964a52063e71fe3,John's Roast Pork,Sandwich Place,39.921078509114814,-75.14501836030328
1326,19148,4a771d51f964a520a1e31fe3,Chick-fil-A,Fried Chicken Joint,39.9183356,-75.1405113
1327,19148,56a81168498e008198b60500,The Wild Burrito,Burrito Place,39.92305556133441,-75.15252866202619
1328,19148,5206602b11d28a4db82bf793,Artisan Boulanger Patissier,Café,39.92632874339287,-75.16643839397382
1329,19148,58d946248190793d23289e9b,Barcelona Wine Bar,Tapas Restaurant,39.9281464781688,-75.1652573411045
1330,19148,4c9d186b46978cfa3e3a947f,Watkins Drinkery,Gastropub,39.92801736693317,-75.1619572958356
1331,19148,4f7634aae4b0e91fa5c8da7e,Popeyes Louisiana Kitchen,Fried Chicken Joint,39.91252080250364,-75.15001253328437
1332,19148,55e1ae9b498e95ee45cb4e53,Stargazy,Bakery,39.92664555374588,-75.16722956990438
1333,19148,57b85d22498ed6553cebc868,Creme Brulee,Bakery,39.925853000000004,-75.152855
1334,19148,5a4d2607fc9e9447dc0ca118,Mike's BBQ,BBQ Joint,39.928479309838245,-75.16337266946636
1335,19148,4c681eb4e1da1b8da6439fc3,City Pizza,Pizza Place,39.92163700694974,-75.14842701610958
1336,19148,527d7a91498eb53b312053f9,Laurel,French Restaurant,39.929557755155635,-75.16378392692621
1337,19148,4ea72811a17c2febcc5c3474,Birra,Pizza Place,39.92874080580269,-75.16492683176938
1338,19148,54de927b498ef276a133669f,Bing Bing Dim Sum,Dim Sum Restaurant,39.92886643010245,-75.16486672075402
1339,19148,4b411237f964a5207fc025e3,Rocco's Italian Sausage,Hot Dog Joint,39.925560503541185,-75.14268320763728
1340,19148,50ac1ef2e4b0138610ca07b0,IKEA Foodcourt,Cafeteria,39.917136588920606,-75.14091943746874
1341,19148,54ddff20498e8ed296302e6a,P'unk Burger,Burger Joint,39.92727991634148,-75.16648134049025
1342,19149,4cb716a486e09eb0baac62e2,Dunkin',Donut Shop,40.03884648917559,-75.0774705911424
1343,19149,4be1fc23660ec9284d5bc83b,Dunkin',Donut Shop,40.03498049212402,-75.06869626021796
1344,19149,4be084382aed2d7feda0c86f,Dunkin',Donut Shop,40.03266977046143,-75.08446716625309
1345,19149,4d41f0e9aed776eb70b96997,Domino's Pizza,Pizza Place,40.044234,-75.0871922
1346,19149,573d1b36498e64893a4d256c,Little Caesars Pizza,Pizza Place,40.05038,-75.064804
1347,19149,4e9c4b2b6c2592b36d62d689,Subway,Fast Food Restaurant,40.044544846003355,-75.09173345369976
1348,19149,4c50db5f0ef3a593b039027b,El Balconcito II,Peruvian Restaurant,40.05288961495967,-75.06473073702966
1349,19149,4ce1bcb594c3b60c054078ea,Popeyes Louisiana Kitchen,Fried Chicken Joint,40.0479218183858,-75.05845900543008
1350,19149,5cca183735f983002cbbda05,Taco Bell,Mexican Restaurant,40.051273,-75.056854
1351,19150,5b525b621cf2e1002c49c35f,Wingstop,Wings Joint,40.0800895690918,-75.16712951660156
1352,19150,4b6b14bdf964a52074f12be3,Green Garden,Chinese Restaurant,40.080227018284766,-75.17291623474956
1353,19150,4cc5b56ab2beb1f7b153244c,Philly Pretzel Factory,Restaurant,40.08039020876204,-75.17292052831101
1354,19150,55eccb57498eda28010c8066,Little Caesars Pizza,Pizza Place,40.080457,-75.173105
1355,19150,4b454cf0f964a520310a26e3,SUBWAY,Sandwich Place,40.081592882705046,-75.16843397847452
1356,19150,4bffbd4eca1920a1c42ded81,Breakfast Junction,Breakfast Spot,40.07965950702207,-75.17354940830631
1357,19151,4c520a2a2543a5935a4fe084,Keystone Pizza,Pizza Place,39.963971347154754,-75.26954694726875
1358,19151,4ba62511f964a520c53639e3,New York Bagel,Bagel Shop,39.979774051971354,-75.26830820274797
1359,19151,4b3a2df8f964a520f56125e3,Pica's Italian Restaurant,Italian Restaurant,39.96523949802359,-75.27515211545885
1360,19151,4ed9580e775bcc53f94502ea,Sa Bai Dee,Asian Restaurant,39.96155772362058,-75.26276603142131
1361,19151,4df3a3566284fefe8fc3083a,Aquarius Restaurant Breakfast Club,Restaurant,39.961848060706146,-75.26032905982046
1362,19151,4bd20bf2046076b0081a7371,Little Saigon,Vietnamese Restaurant,39.96087998406077,-75.26319217471699
1363,19151,4b392173f964a520d05625e3,Overbrook Pizza,Pizza Place,39.9883374396384,-75.2497386932373
1364,19151,4c2a9b51ae6820a19ba21643,Popeyes Louisiana Kitchen,Fried Chicken Joint,39.979859313145795,-75.2693126478041
1365,19151,4c449feadd1f2d7ff01e80f9,Civera's Deli,Deli / Bodega,39.9588131,-75.2881347
1366,19151,57fd5a1a498e351f597d9643,Wingstop,Wings Joint,39.97771422859956,-75.27247270103086
1367,19151,4ce72561f3bda143987fb0e4,Bona Cucina,Italian Restaurant,39.951739882074214,-75.26748264166622
1368,19151,4e4e5e8fbd4101d0d7a8a3a0,Boston Style Pizza,Pizza Place,39.984259,-75.275385
1369,19151,4ba7b57af964a520c4ab39e3,Wendy’s,Fast Food Restaurant,39.9562226,-75.2582623
1370,19151,5092b1a3e4b082d465cc9347,Carib Grill,Caribbean Restaurant,39.95270156575342,-75.25587883874282
1371,19151,4c544c15f5f3d13a41eceaf9,"J, Breakfast & Lunch",Breakfast Spot,39.984909119532716,-75.24701512791334
1372,19151,5723f334498e66056ad5c40a,Rigatoni's Famous Crab Cakes,Seafood Restaurant,39.971244,-75.287804
1373,19151,4c094ecf340720a1d9908493,Perkins Restaurant & Bakery,American Restaurant,39.958109304190245,-75.28747603297234
1374,19151,4cb716b086e09eb0d5ac62e2,Dunkin',Donut Shop,39.9795343,-75.2702568
1375,19151,4c9fcdf3d3c2b60c3be9d7bc,Pho & Cafe Anh Hong,Vietnamese Restaurant,39.961614545339515,-75.2626536804091
1376,19151,4bb74cc72f70c9b647778630,June's Restaurant,Breakfast Spot,39.98492855300352,-75.24704248021278
1377,19151,4effaaa1f9abd5b3906c0f00,Papa John's Pizza,Pizza Place,39.979257000000004,-75.268827
1378,19151,53dc2cb4498efb3904815afe,Little Caesars Pizza,Pizza Place,39.979949747323076,-75.27009152609168
1379,19151,4c52120694790f4727bd0ea2,SUBWAY,Sandwich Place,39.953869,-75.274214
1380,19151,4b17f2aef964a5200dca23e3,Popeyes Louisiana Kitchen,Fried Chicken Joint,39.95271256164891,-75.25663286302819
1381,19151,4c423ca3cc410f47d883ac61,Slices & More,Italian Restaurant,39.961866502770256,-75.2604231599354
1382,19151,4be6c3d7bcef2d7f986b05e5,Green Leaf Restaurant,Diner,39.977610987011715,-75.2662475834395
1383,19151,4b4bc93ff964a520a1a726e3,Verona Pizza & Co,Pizza Place,39.967390777636425,-75.28969702953205
1384,19151,4b61e4def964a520a5292ae3,Shee Yaun Chinese Restaurant,Chinese Restaurant,39.989059000000005,-75.24981600000001
1385,19151,4ec71b9f0e017e2f998080d5,SUBWAY,Sandwich Place,39.97147345066264,-75.2886600414341
1386,19151,5101ce1ae4b0176381ef28ae,Taco Bell,Fast Food Restaurant,39.96372586452906,-75.27084213500346
1387,19151,4bf2b1a79319a593c438cb51,KFC,Fried Chicken Joint,39.983292528596095,-75.24381583064758
1388,19151,4c51cc4a94790f475678a9a1,Rice & Things,American Restaurant,39.97481739249177,-75.26132977780073
1389,19151,4ce5ae2b9f776ea8586b4d22,Debreauxs,Southern / Soul Food Restaurant,39.989059000000005,-75.24981600000001
1390,19152,4bf536cbe5eba59308782090,Dunkin',Donut Shop,40.05152258938532,-75.05708582944771
1391,19153,50ca02c4245f2d4aa8c2c35e,The Landing Restaurant,American Restaurant,39.88928214274985,-75.2322776628627
1392,19153,4f8ad4b4e4b0e6f349c700c9,The Bistro,American Restaurant,39.88539376420505,-75.24879174612653
1393,19153,4cb716ae86e09eb0d1ac62e2,Dunkin',Donut Shop,39.90489510382458,-75.2384003787671
1394,19153,5bb2913b3d4791002c814068,Chick-fil-A,Fast Food Restaurant,39.8763542175293,-75.24217987060547
1395,19153,5331ddb011d20a6a422449a7,Aldo Lamberti Trattoria,Pizza Place,39.87501605707278,-75.24134363890315
1396,19153,4bf05b857ed12d7fe112e7c2,Legal Sea Foods,Seafood Restaurant,39.87616186915269,-75.2427178264869
1397,19153,5d19fe0de7e5fc0023e002ab,California Pizza Kitchen,Pizza Place,39.877687,-75.236823
1398,19153,4c20d7dcd4dec92834021c3e,Sparky's Cafe,Breakfast Spot,39.89069743772232,-75.26575095607816
1399,19153,5a64c7b00a08ab7faf0b51ca,Gachi Sushi And Noodles,Sushi Restaurant,39.87417879939415,-75.25141550074073
1400,19153,5d72e73e0aac8e00077ded89,Bud & Marilyn's,New American Restaurant,39.876225,-75.242134
1401,19153,51c07d42b5896d0c80c52c2e,Auntie Anne's,Snack Place,39.87727092586278,-75.24338722229004
1402,19153,594446905f68b90855b8ae48,Bruegger's Bagels,Bagel Shop,39.874516584626186,-75.2510777288361
1403,19153,4fa98af2e4b02c573abc6510,Au Bon Pain,Bakery,39.88016210391343,-75.2363328986896
1404,19153,5250291011d2b20df45c948c,Local Tavern,American Restaurant,39.88061257650713,-75.23733793349886
1405,19153,5272412811d2db3c04fc3467,Smashburger,Burger Joint,39.88049723246364,-75.2375130595322
1406,19153,4babb637f964a520c2c23ae3,Chick-fil-A,Fried Chicken Joint,39.876087,-75.2431336
1407,19153,51c07d44b5896d0c80c53c1a,Auntie Anne's,Snack Place,39.875235950692904,-75.24380192935585
1408,19153,52f41b50498e9091af9d1ae9,Currito :: Burritos without Borders,Burrito Place,39.87451484423351,-75.2469340223641
1409,19153,4bd028e2462cb71368d4d707,Salad Works,Salad Place,39.87606800000001,-75.24303764418028
1410,19153,51812fbb8bfd825daf31f0d3,Sbarro,Pizza Place,39.88049838919404,-75.23742198944092
1411,19153,5a91a5180fe7a069bbe0606b,Smashburger,Burger Joint,39.87620589260739,-75.24300119934685
1412,19153,50cc9c69e4b00d24a22caa35,Dunkin',Donut Shop,39.895209409689286,-75.22797863916816
1413,19153,5e5e483615b768000886eaa6,Dunkin',Café,39.87599617984959,-75.24305267135998
1414,19153,51142aa1e4b050fef26568a7,Popeyes Louisiana Kitchen,Fried Chicken Joint,39.87453503289021,-75.24103524705914
1415,19153,536ff4da498e265dd8f0a2c0,Philly Pretzel Factory,Snack Place,39.880508261199516,-75.23760196971669
1416,19153,504650a4e4b0930467cdb579,Sbarro,Pizza Place,39.8763516275458,-75.2431689141972
1417,19153,580258df38fae0179b23a53c,Geno's Steaks,Sandwich Place,39.87613672590223,-75.24310436618283
1418,19153,5276671711d2a5130c94e86c,Tony Luke's,Sandwich Place,39.880467365657424,-75.23743339596689
1419,19153,5ae397ff772fbc0037fcc15e,Independence Prime,Steakhouse,39.87464140755966,-75.24373465680321
1420,19153,593e9f31ad1ea42b8afca26c,Mezzogiorno,Italian Restaurant,39.874027966612424,-75.24401073460433
1421,19153,4cf61d6355e13704836ccab6,Earl of Sandwich,Sandwich Place,39.87714277708066,-75.24044010348331
1422,19153,4b4d2d59f964a52069cd26e3,Ruby Tuesday,American Restaurant,39.887715420075395,-75.24703832112333
1423,19153,4f327f8119836c91c7dda86b,Tgi Friday's,Food,39.89474,-75.229333
1424,19153,4bfd4f7ce529c9285db6ba8c,Jamaica Way,Caribbean Restaurant,39.90246870077814,-75.24189104313741
1425,19153,4ed4fe540aafb916272579e6,re:fuel by aloft,American Restaurant,39.89096483832383,-75.23371325536831
1426,19154,51d5c963498ec1553541c6ac,Dunkin',Donut Shop,40.089397062703625,-74.96435123356798
1427,19154,4cb716a786e09eb0c2ac62e2,Dunkin',Donut Shop,40.086435,-74.9717959
1428,19154,4b819a97f964a52014b230e3,Popeyes Louisiana Kitchen,Fried Chicken Joint,40.1002452030147,-74.94911468081918
1429,19154,4baa9a84f964a520c5783ae3,Arby's,Fast Food Restaurant,40.089864,-74.964175
1430,19154,4b52160cf964a520b06627e3,Sakura Japanese Restaurant,Japanese Restaurant,40.09705073086058,-74.94558840537881
1431,19154,4ae622bcf964a520f8a421e3,Panera Bread,Bakery,40.10909368797074,-74.95125576853752
1432,19154,4bd6ec454e32d13a1a51c380,Philly Pretzel Factory,Restaurant,40.094351388273154,-74.94304467032873
1433,19154,4f82275de4b05766b350ca55,Spice Rack,Indian Restaurant,40.10085217396239,-74.95732126484907
1434,19154,4ea053afe5e882eb83f4e447,Krispy Kreme Doughnuts,Donut Shop,40.094088725187746,-74.94262347239072
1435,19154,4c391e1b18e72d7f60b919f5,Texas Roadhouse,Steakhouse,40.091647,-74.939965
1436,19154,4bd5bfdb637ba593afeaf670,Saladworks,Salad Place,40.0990981,-74.9488192
1437,19154,52d9d3a6498ed495a5b00932,Sofiabella Pizzaeria,Pizza Place,40.10159846060564,-74.94958447138852
1438,19154,4bd898e551170f4765cb33e4,Lou's Farm Market,Restaurant,40.08052489258456,-74.94598856286339
1439,19154,4b7b43aaf964a520615b2fe3,Shogun Japanese Steakhouse & Sushi Bar,Japanese Restaurant,40.09887813300265,-74.94791098471143
1440,19154,5bede3b81ffed7002ca0d047,Chick-fil-A,Fast Food Restaurant,40.0914141,-74.9398034
1441,19154,4e4e6805bd4101d0d7a977a4,Lee's Hoagie House,Sandwich Place,40.09655531293379,-74.9435012224666
1442,19154,5d68b5a96637d100071bcec5,Chipotle Mexican Grill,Mexican Restaurant,40.103096,-74.949341
1443,19154,54450f77498e9fef3cf17cf8,superwalmart,Bakery,40.083316367457094,-74.96263513079764
1444,19154,51c89406498e8a3a7d47869b,Philly Pretzel Factory,Snack Place,40.085801962303414,-74.96128725557476
1445,19154,4bb75b2c941ad13abf8920e3,Auntie Anne's,Snack Place,40.08744094386104,-74.9617725745958
1446,19154,4c375ee8ae2da593d2bdfec5,SUBWAY,Sandwich Place,40.087589263916016,-74.96229553222656
1447,19154,593ae72af0b490219455711e,Charleys Philly Steaks,Sandwich Place,40.084448,-74.962236
1448,19154,59e938e66fa81f72c87f9da6,Cinnabon,Sandwich Place,40.087414,-74.961853
1449,19154,5449b1a9498e6ae0892bcfc1,Shagun Palace,South Indian Restaurant,40.11018778653346,-74.95082753839264
1450,19154,4f3216cf19836c91c7b4ad31,Popeyes Louisiana Kitchen,Fried Chicken Joint,40.087676,-74.961013
1451,19154,4c6572c5e75ac9282baff4da,Jack's Cold Cuts,Deli / Bodega,40.098610181715394,-74.94541693487766
1452,19154,4ca1207179d9b1f768d9bc99,Old Roman Pizza,Pizza Place,40.10526784049116,-74.93885476252183
1453,19154,4b9ed19ef964a520370437e3,McDonald's,Fast Food Restaurant,40.096573,-74.9457398
1454,19154,4b8ad251f964a5205d8332e3,Taco Bell,Fast Food Restaurant,40.08769758301752,-74.96527639160269
1455,19154,4cb716a386e09eb0b8ac62e2,Dunkin',Donut Shop,40.09646305736271,-74.97499982764242
1456,19154,4ba17840f964a520b9b937e3,TGI Fridays,American Restaurant,40.120662,-74.960586
1457,19154,4cf43f918333224b62f0198e,Sbarro,Pizza Place,40.09406280517578,-74.95781707763672
1458,19154,4c4ca89a39f9d13abcb82394,Fisher's Tudor House,Restaurant,40.09519400028203,-74.94493246078491
1459,19154,5202e485498e1ceda208ad4d,Earl of Sandwich,Sandwich Place,40.11505126953125,-74.9575424194336
